timestamp,river,zone,latitude,longitude,temperature,humidity,rainfall,pressure,wind_speed,cloud_cover
2026-06-02 20:25:38,Krishna,K1_Mahabaleshwar,17.9237,73.6586,17.6,98,0.0,863.3,4.0,11
2026-06-02 20:25:38,Krishna,K2_Sangli_Almatti,16.8544,74.5642,25.6,76,0.0,948.0,9.6,17
2026-06-02 20:25:38,Krishna,K3_Raichur_Kurnool,16.2076,77.3463,26.9,72,0.0,963.5,12.1,10
2026-06-02 20:25:38,Krishna,K4_Nagarjuna_Sagar,16.575,79.3167,32.2,54,0.0,997.6,17.4,22
2026-06-02 20:25:38,Krishna,K5_Vijayawada_Delta,16.5062,80.648,31.3,73,0.0,999.3,15.7,3
2026-06-02 20:25:38,Narmada,N1_Amarkantak,22.6747,81.759,23.7,66,0.0,894.7,0.4,29
2026-06-02 20:25:38,Narmada,N2_Jabalpur,23.1815,79.9864,29.3,48,0.0,958.7,2.1,14
2026-06-02 20:25:38,Narmada,N3_Omkareshwar,22.2452,76.151,29.6,59,0.0,984.1,10.3,2
2026-06-02 20:25:38,Narmada,N4_Bharuch,21.7051,72.9959,29.0,82,0.0,1003.3,14.8,36
2026-06-02 20:25:38,Kaveri,C1_Talakaveri,12.3855,75.4894,17.7,100,0.1,870.2,1.2,100
2026-06-02 20:25:38,Kaveri,C2_Kodagu,12.3375,75.8069,20.6,99,0.1,914.1,7.0,50
2026-06-02 20:25:38,Kaveri,C3_Mysuru_KRS,12.2958,76.6394,22.3,96,0.0,927.9,9.8,50
2026-06-02 20:25:38,Kaveri,C4_Mettur_Dam,11.787,77.8008,27.5,81,0.0,985.6,3.1,34
2026-06-02 20:25:38,Kaveri,C5_Thanjavur_Delta,10.7867,79.1378,27.8,81,0.0,1000.9,6.4,97
2026-06-03 04:40:40,Krishna,K1_Mahabaleshwar,17.9237,73.6586,24.1,62,0.0,866.4,9.4,20
2026-06-03 04:40:40,Krishna,K2_Sangli_Almatti,16.8544,74.5642,31.2,51,0.0,949.9,8.1,48
2026-06-03 04:40:40,Krishna,K3_Raichur_Kurnool,16.2076,77.3463,30.4,60,0.0,965.3,10.9,61
2026-06-03 04:40:40,Krishna,K4_Nagarjuna_Sagar,16.575,79.3167,35.0,46,0.0,998.6,21.6,96
2026-06-03 04:40:40,Krishna,K5_Vijayawada_Delta,16.5062,80.648,36.2,43,0.0,1000.7,11.7,5
2026-06-03 04:40:40,Narmada,N1_Amarkantak,22.6747,81.759,30.5,36,0.0,897.1,7.6,16
2026-06-03 04:40:40,Narmada,N2_Jabalpur,23.1815,79.9864,34.7,34,0.0,960.3,6.0,8
2026-06-03 04:40:40,Narmada,N3_Omkareshwar,22.2452,76.151,33.3,47,0.0,985.9,13.7,1
2026-06-03 04:40:40,Narmada,N4_Bharuch,21.7051,72.9959,34.0,54,0.0,1004.7,13.8,14
2026-06-03 04:40:40,Kaveri,C1_Talakaveri,12.3855,75.4894,19.0,97,0.1,872.4,6.2,100
2026-06-03 04:40:40,Kaveri,C2_Kodagu,12.3375,75.8069,23.0,85,0.0,915.9,9.4,57
2026-06-03 04:40:40,Kaveri,C3_Mysuru_KRS,12.2958,76.6394,27.0,68,0.0,929.8,13.7,65
2026-06-03 04:40:40,Kaveri,C4_Mettur_Dam,11.787,77.8008,31.3,62,0.0,986.9,2.9,55
2026-06-03 04:40:40,Kaveri,C5_Thanjavur_Delta,10.7867,79.1378,32.3,58,0.0,1001.8,15.1,96
2026-06-03 10:54:16,Krishna,K1_Mahabaleshwar,17.9237,73.6586,21.9,81,0.2,862.4,12.5,45
2026-06-03 10:54:16,Krishna,K2_Sangli_Almatti,16.8544,74.5642,32.7,43,0.0,945.5,14.1,53
2026-06-03 10:54:16,Krishna,K3_Raichur_Kurnool,16.2076,77.3463,35.0,37,0.0,960.2,10.4,23
2026-06-03 10:54:16,Krishna,K4_Nagarjuna_Sagar,16.575,79.3167,38.2,33,0.0,993.2,8.5,31
2026-06-03 10:54:16,Krishna,K5_Vijayawada_Delta,16.5062,80.648,38.6,33,0.0,995.3,6.8,36
2026-06-03 10:54:16,Narmada,N1_Amarkantak,22.6747,81.759,31.3,34,0.0,892.9,8.6,22
2026-06-03 10:54:16,Narmada,N2_Jabalpur,23.1815,79.9864,37.1,29,0.0,955.3,9.4,22
2026-06-03 10:54:16,Narmada,N3_Omkareshwar,22.2452,76.151,38.2,30,0.0,979.9,11.5,1
2026-06-03 10:54:16,Narmada,N4_Bharuch,21.7051,72.9959,35.5,51,0.0,999.9,15.9,12
2026-06-03 10:54:16,Kaveri,C1_Talakaveri,12.3855,75.4894,19.0,97,0.1,869.4,8.0,97
2026-06-03 10:54:16,Kaveri,C2_Kodagu,12.3375,75.8069,23.2,81,0.2,912.3,14.2,86
2026-06-03 10:54:16,Kaveri,C3_Mysuru_KRS,12.2958,76.6394,27.6,59,0.0,925.9,24.6,89
2026-06-03 10:54:16,Kaveri,C4_Mettur_Dam,11.787,77.8008,34.1,48,0.0,982.0,8.3,96
2026-06-03 10:54:16,Kaveri,C5_Thanjavur_Delta,10.7867,79.1378,31.3,64,0.1,997.4,13.1,96
2026-06-03 13:12:41,Krishna,K1_Mahabaleshwar,17.9237,73.6586,20.7,81,0.0,862.4,10.5,62
2026-06-03 13:12:41,Krishna,K2_Sangli_Almatti,16.8544,74.5642,29.1,54,0.0,945.9,13.4,93
2026-06-03 13:12:41,Krishna,K3_Raichur_Kurnool,16.2076,77.3463,27.6,69,0.1,962.1,20.7,40
2026-06-03 13:12:41,Krishna,K4_Nagarjuna_Sagar,16.575,79.3167,34.9,43,0.0,994.8,7.9,51
2026-06-03 13:12:41,Krishna,K5_Vijayawada_Delta,16.5062,80.648,34.2,51,0.0,996.7,1.0,52
2026-06-03 13:12:41,Narmada,N1_Amarkantak,22.6747,81.759,25.8,59,0.0,892.1,3.5,22
2026-06-03 13:12:41,Narmada,N2_Jabalpur,23.1815,79.9864,34.7,34,0.0,955.3,7.4,8
2026-06-03 13:12:41,Narmada,N3_Omkareshwar,22.2452,76.151,35.6,38,0.0,980.0,9.2,4
2026-06-03 13:12:41,Narmada,N4_Bharuch,21.7051,72.9959,33.0,58,0.0,1000.5,17.5,1
2026-06-03 13:12:41,Kaveri,C1_Talakaveri,12.3855,75.4894,17.8,99,0.1,869.2,5.7,100
2026-06-03 13:12:41,Kaveri,C2_Kodagu,12.3375,75.8069,21.4,93,0.1,912.6,8.5,93
2026-06-03 13:12:41,Kaveri,C3_Mysuru_KRS,12.2958,76.6394,24.2,74,0.0,926.8,19.3,77
2026-06-03 13:12:41,Kaveri,C4_Mettur_Dam,11.787,77.8008,29.1,84,0.3,983.2,4.9,96
2026-06-03 13:12:41,Kaveri,C5_Thanjavur_Delta,10.7867,79.1378,32.2,50,0.0,998.6,13.4,14
2026-06-03 13:47:50,Krishna,K1_Mahabaleshwar,17.9237,73.6586,19.6,87,0.0,862.6,8.7,87
2026-06-03 13:47:50,Krishna,K2_Sangli_Almatti,16.8544,74.5642,28.5,56,0.0,946.3,12.3,100
2026-06-03 13:47:50,Krishna,K3_Raichur_Kurnool,16.2076,77.3463,27.5,69,0.0,962.5,14.7,82
2026-06-03 13:47:50,Krishna,K4_Nagarjuna_Sagar,16.575,79.3167,34.6,46,0.0,995.5,2.1,74
2026-06-03 13:47:50,Krishna,K5_Vijayawada_Delta,16.5062,80.648,33.7,55,0.0,997.3,7.2,88
2026-06-03 13:47:50,Narmada,N1_Amarkantak,22.6747,81.759,25.0,59,0.0,892.4,4.7,17
2026-06-03 13:47:50,Narmada,N2_Jabalpur,23.1815,79.9864,34.0,36,0.0,955.9,5.2,25
2026-06-03 13:47:50,Narmada,N3_Omkareshwar,22.2452,76.151,34.5,41,0.0,980.4,8.4,7
2026-06-03 13:47:50,Narmada,N4_Bharuch,21.7051,72.9959,31.9,63,0.0,1001.0,17.1,1
2026-06-03 13:47:50,Kaveri,C1_Talakaveri,12.3855,75.4894,17.7,99,0.1,869.4,5.4,100
2026-06-03 13:47:50,Kaveri,C2_Kodagu,12.3375,75.8069,20.9,95,0.0,912.8,8.5,94
2026-06-03 13:47:50,Kaveri,C3_Mysuru_KRS,12.2958,76.6394,23.4,78,0.0,926.9,16.8,72
2026-06-03 13:47:50,Kaveri,C4_Mettur_Dam,11.787,77.8008,28.6,86,0.1,983.9,8.0,97
2026-06-03 13:47:50,Kaveri,C5_Thanjavur_Delta,10.7867,79.1378,31.1,56,0.0,999.3,6.2,23
2026-06-03 13:48:10,Krishna,K1_Mahabaleshwar,17.9237,73.6586,19.6,87,0.0,862.6,8.7,87
2026-06-03 13:48:10,Krishna,K2_Sangli_Almatti,16.8544,74.5642,28.5,56,0.0,946.3,12.3,100
2026-06-03 13:48:10,Krishna,K3_Raichur_Kurnool,16.2076,77.3463,27.5,69,0.0,962.5,14.7,82
2026-06-03 13:48:10,Krishna,K4_Nagarjuna_Sagar,16.575,79.3167,34.6,46,0.0,995.5,2.1,74
2026-06-03 13:48:10,Krishna,K5_Vijayawada_Delta,16.5062,80.648,33.7,55,0.0,997.3,7.2,88
2026-06-03 13:48:10,Narmada,N1_Amarkantak,22.6747,81.759,25.0,59,0.0,892.4,4.7,17
2026-06-03 13:48:10,Narmada,N2_Jabalpur,23.1815,79.9864,34.0,36,0.0,955.9,5.2,25
2026-06-03 13:48:10,Narmada,N3_Omkareshwar,22.2452,76.151,34.5,41,0.0,980.4,8.4,7
2026-06-03 13:48:10,Narmada,N4_Bharuch,21.7051,72.9959,31.9,63,0.0,1001.0,17.1,1
2026-06-03 13:48:10,Kaveri,C1_Talakaveri,12.3855,75.4894,17.7,99,0.1,869.4,5.4,100
2026-06-03 13:48:10,Kaveri,C2_Kodagu,12.3375,75.8069,20.9,95,0.0,912.8,8.5,94
2026-06-03 13:48:10,Kaveri,C3_Mysuru_KRS,12.2958,76.6394,23.4,78,0.0,926.9,16.8,72
2026-06-03 13:48:10,Kaveri,C4_Mettur_Dam,11.787,77.8008,28.6,86,0.1,983.9,8.0,97
2026-06-03 13:48:10,Kaveri,C5_Thanjavur_Delta,10.7867,79.1378,31.1,56,0.0,999.3,6.2,23
2026-06-12 08:08:24,Krishna,K1_Mahabaleshwar,17.9237,73.6586,22.2,89,0.3,865.7,13.9,100
2026-06-12 08:08:24,Krishna,K2_Sangli_Almatti,16.8544,74.5642,34.3,40,0.0,948.7,19.4,64
2026-06-12 08:08:24,Krishna,K3_Raichur_Kurnool,16.2076,77.3463,36.0,40,0.0,963.5,11.6,89
2026-06-12 08:08:24,Krishna,K4_Nagarjuna_Sagar,16.575,79.3167,37.4,42,0.0,997.2,16.5,96
2026-06-12 08:08:24,Krishna,K5_Vijayawada_Delta,16.5062,80.648,35.0,49,0.0,999.6,5.6,100
2026-06-12 08:08:24,Narmada,N1_Amarkantak,22.6747,81.759,29.1,60,0.1,896.3,9.2,97
2026-06-12 08:08:24,Narmada,N2_Jabalpur,23.1815,79.9864,38.6,34,0.0,958.3,7.8,36
2026-06-12 08:08:24,Narmada,N3_Omkareshwar,22.2452,76.151,38.3,37,0.0,982.6,16.5,9
2026-06-12 08:08:24,Narmada,N4_Bharuch,21.7051,72.9959,36.5,45,0.0,1002.3,25.6,58
2026-06-12 08:08:24,Kaveri,C1_Talakaveri,12.3855,75.4894,19.8,91,0.2,872.1,7.4,95
2026-06-12 08:08:24,Kaveri,C2_Kodagu,12.3375,75.8069,24.9,72,0.1,915.6,11.2,98
2026-06-12 08:08:24,Kaveri,C3_Mysuru_KRS,12.2958,76.6394,30.1,58,0.0,929.1,18.4,98
2026-06-12 08:08:24,Kaveri,C4_Mettur_Dam,11.787,77.8008,35.5,57,0.0,985.4,9.4,88
2026-06-12 08:08:24,Kaveri,C5_Thanjavur_Delta,10.7867,79.1378,36.4,42,0.0,1000.9,20.9,76
2026-06-12 08:11:07,Krishna,K1_Mahabaleshwar,17.9237,73.6586,22.2,85,0.3,865.7,13.9,100
2026-06-12 08:11:07,Krishna,K2_Sangli_Almatti,16.8544,74.5642,34.3,40,0.0,948.7,19.4,64
2026-06-12 08:11:07,Krishna,K3_Raichur_Kurnool,16.2076,77.3463,36.0,40,0.0,963.5,11.6,89
2026-06-12 08:11:07,Krishna,K4_Nagarjuna_Sagar,16.575,79.3167,37.4,42,0.0,997.2,16.5,96
2026-06-12 08:11:07,Krishna,K5_Vijayawada_Delta,16.5062,80.648,35.0,49,0.0,999.6,5.6,100
2026-06-12 08:11:07,Narmada,N1_Amarkantak,22.6747,81.759,29.1,60,0.1,896.3,9.2,97
2026-06-12 08:11:07,Narmada,N2_Jabalpur,23.1815,79.9864,38.6,34,0.0,958.3,7.8,36
2026-06-12 08:11:07,Narmada,N3_Omkareshwar,22.2452,76.151,38.3,37,0.0,982.6,16.5,9
2026-06-12 08:11:07,Narmada,N4_Bharuch,21.7051,72.9959,36.5,45,0.0,1002.3,25.6,58
2026-06-12 08:11:07,Kaveri,C1_Talakaveri,12.3855,75.4894,19.8,91,0.2,872.1,7.4,95
2026-06-12 08:11:07,Kaveri,C2_Kodagu,12.3375,75.8069,24.9,72,0.1,915.6,11.2,98
2026-06-12 08:11:07,Kaveri,C3_Mysuru_KRS,12.2958,76.6394,30.1,58,0.0,929.1,18.4,98
2026-06-12 08:11:07,Kaveri,C4_Mettur_Dam,11.787,77.8008,35.5,57,0.0,985.4,9.4,88
2026-06-12 08:11:07,Kaveri,C5_Thanjavur_Delta,10.7867,79.1378,36.4,42,0.0,1000.9,20.9,76
2026-06-12 08:18:08,Krishna,K1_Mahabaleshwar,17.9237,73.6586,22.1,85,0.3,865.6,14.1,98
2026-06-12 08:18:08,Krishna,K2_Sangli_Almatti,16.8544,74.5642,34.2,40,0.0,948.5,19.0,64
2026-06-12 08:18:08,Krishna,K3_Raichur_Kurnool,16.2076,77.3463,36.2,39,0.0,963.6,11.1,86
2026-06-12 08:18:08,Krishna,K4_Nagarjuna_Sagar,16.575,79.3167,37.6,42,0.0,997.2,16.2,89
2026-06-12 08:18:08,Krishna,K5_Vijayawada_Delta,16.5062,80.648,35.2,49,0.0,999.8,5.4,100
2026-06-12 08:18:08,Narmada,N1_Amarkantak,22.6747,81.759,28.9,62,1.4,896.5,8.2,100
2026-06-12 08:18:08,Narmada,N2_Jabalpur,23.1815,79.9864,38.7,34,0.1,958.0,8.2,32
2026-06-12 08:18:08,Narmada,N3_Omkareshwar,22.2452,76.151,38.5,37,0.0,982.6,16.3,7
2026-06-12 08:18:08,Narmada,N4_Bharuch,21.7051,72.9959,36.6,45,0.0,1002.4,25.5,51
2026-06-12 08:18:08,Kaveri,C1_Talakaveri,12.3855,75.4894,20.0,91,0.1,872.6,7.2,90
2026-06-12 08:18:08,Kaveri,C2_Kodagu,12.3375,75.8069,25.0,72,0.1,915.8,12.0,98
2026-06-12 08:18:08,Kaveri,C3_Mysuru_KRS,12.2958,76.6394,29.4,60,0.1,929.6,18.6,98
2026-06-12 08:18:08,Kaveri,C4_Mettur_Dam,11.787,77.8008,34.4,62,0.5,986.3,9.9,89
2026-06-12 08:18:08,Kaveri,C5_Thanjavur_Delta,10.7867,79.1378,36.5,43,0.2,1000.8,20.9,79
2026-06-12 08:24:21,Krishna,K1_Mahabaleshwar,17.9237,73.6586,22.1,85,0.3,865.6,14.1,98
2026-06-12 08:24:21,Krishna,K2_Sangli_Almatti,16.8544,74.5642,34.2,40,0.0,948.5,19.0,64
2026-06-12 08:24:21,Krishna,K3_Raichur_Kurnool,16.2076,77.3463,36.2,39,0.0,963.6,11.1,86
2026-06-12 08:24:21,Krishna,K4_Nagarjuna_Sagar,16.575,79.3167,37.6,42,0.0,997.2,16.2,89
2026-06-12 08:24:21,Krishna,K5_Vijayawada_Delta,16.5062,80.648,35.2,49,0.0,999.8,5.4,100
2026-06-12 08:24:21,Narmada,N1_Amarkantak,22.6747,81.759,28.9,62,1.4,896.5,8.2,100
2026-06-12 08:24:21,Narmada,N2_Jabalpur,23.1815,79.9864,38.7,34,0.1,958.0,8.2,32
2026-06-12 08:24:21,Narmada,N3_Omkareshwar,22.2452,76.151,38.5,37,0.0,982.6,16.3,7
2026-06-12 08:24:21,Narmada,N4_Bharuch,21.7051,72.9959,36.6,45,0.0,1002.4,25.5,51
2026-06-12 08:24:21,Kaveri,C1_Talakaveri,12.3855,75.4894,20.0,91,0.1,872.6,7.2,90
2026-06-12 08:24:21,Kaveri,C2_Kodagu,12.3375,75.8069,25.0,72,0.1,915.8,12.0,98
2026-06-12 08:24:21,Kaveri,C3_Mysuru_KRS,12.2958,76.6394,29.4,60,0.1,929.6,18.6,98
2026-06-12 08:24:21,Kaveri,C4_Mettur_Dam,11.787,77.8008,34.4,62,0.5,986.3,9.9,89
2026-06-12 08:24:21,Kaveri,C5_Thanjavur_Delta,10.7867,79.1378,36.5,43,0.2,1000.8,20.9,79
2026-06-12 08:26:51,Krishna,K1_Mahabaleshwar,17.9237,73.6586,22.1,85,0.3,865.6,14.1,98
2026-06-12 08:26:51,Krishna,K2_Sangli_Almatti,16.8544,74.5642,34.2,40,0.0,948.5,19.0,64
2026-06-12 08:26:51,Krishna,K3_Raichur_Kurnool,16.2076,77.3463,36.2,39,0.0,963.6,11.1,86
2026-06-12 08:26:51,Krishna,K4_Nagarjuna_Sagar,16.575,79.3167,37.6,42,0.0,997.2,16.2,89
2026-06-12 08:26:51,Krishna,K5_Vijayawada_Delta,16.5062,80.648,35.2,49,0.0,999.8,5.4,100
2026-06-12 08:26:51,Narmada,N1_Amarkantak,22.6747,81.759,28.9,62,1.4,896.5,8.2,100
2026-06-12 08:26:51,Narmada,N2_Jabalpur,23.1815,79.9864,38.7,34,0.1,958.0,8.2,32
2026-06-12 08:26:51,Narmada,N3_Omkareshwar,22.2452,76.151,38.5,37,0.0,982.6,16.3,7
2026-06-12 08:26:51,Narmada,N4_Bharuch,21.7051,72.9959,36.6,45,0.0,1002.4,25.5,51
2026-06-12 08:26:51,Kaveri,C1_Talakaveri,12.3855,75.4894,20.0,91,0.1,872.6,7.2,90
2026-06-12 08:26:51,Kaveri,C2_Kodagu,12.3375,75.8069,25.0,72,0.1,915.8,12.0,98
2026-06-12 08:26:51,Kaveri,C3_Mysuru_KRS,12.2958,76.6394,29.4,60,0.1,929.6,18.6,98
2026-06-12 08:26:51,Kaveri,C4_Mettur_Dam,11.787,77.8008,34.4,62,0.5,986.3,9.9,89
2026-06-12 08:26:51,Kaveri,C5_Thanjavur_Delta,10.7867,79.1378,36.5,43,0.2,1000.8,20.9,79
2026-06-12 08:33:51,Krishna,K1_Mahabaleshwar,17.9237,73.6586,21.9,87,0.3,865.5,14.3,95
2026-06-12 08:33:51,Krishna,K2_Sangli_Almatti,16.8544,74.5642,35.4,37,0.0,948.5,18.5,67
2026-06-12 08:33:51,Krishna,K3_Raichur_Kurnool,16.2076,77.3463,36.0,39,0.0,963.3,10.6,81
2026-06-12 08:33:51,Krishna,K4_Nagarjuna_Sagar,16.575,79.3167,36.7,44,0.0,996.9,15.8,80
2026-06-12 08:33:51,Krishna,K5_Vijayawada_Delta,16.5062,80.648,34.5,51,0.0,999.6,5.6,100
2026-06-12 08:33:51,Narmada,N1_Amarkantak,22.6747,81.759,24.5,84,1.4,894.8,5.8,100
2026-06-12 08:33:51,Narmada,N2_Jabalpur,23.1815,79.9864,36.9,36,0.1,957.5,8.8,34
2026-06-12 08:33:51,Narmada,N3_Omkareshwar,22.2452,76.151,38.8,36,0.0,982.3,16.1,6
2026-06-12 08:33:51,Narmada,N4_Bharuch,21.7051,72.9959,36.9,45,0.0,1002.2,25.2,42
2026-06-12 08:33:51,Kaveri,C1_Talakaveri,12.3855,75.4894,20.5,89,0.1,872.5,6.4,83
2026-06-12 08:33:51,Kaveri,C2_Kodagu,12.3375,75.8069,24.5,76,0.1,915.7,13.4,99
2026-06-12 08:33:51,Kaveri,C3_Mysuru_KRS,12.2958,76.6394,28.2,64,0.1,929.1,18.9,99
2026-06-12 08:33:51,Kaveri,C4_Mettur_Dam,11.787,77.8008,27.4,94,0.5,985.7,10.6,91
2026-06-12 08:33:51,Kaveri,C5_Thanjavur_Delta,10.7867,79.1378,32.1,57,0.2,1000.6,20.8,79
2026-06-12 08:35:58,Krishna,K1_Mahabaleshwar,17.9237,73.6586,21.9,87,0.3,865.5,14.3,95
2026-06-12 08:35:58,Krishna,K2_Sangli_Almatti,16.8544,74.5642,35.4,37,0.0,948.5,18.5,67
2026-06-12 08:35:58,Krishna,K3_Raichur_Kurnool,16.2076,77.3463,36.0,39,0.0,963.3,10.6,81
2026-06-12 08:35:58,Krishna,K4_Nagarjuna_Sagar,16.575,79.3167,36.7,44,0.0,996.9,15.8,80
2026-06-12 08:35:58,Krishna,K5_Vijayawada_Delta,16.5062,80.648,34.5,51,0.0,999.6,5.6,100
2026-06-12 08:35:58,Narmada,N1_Amarkantak,22.6747,81.759,24.5,84,1.4,894.8,5.8,100
2026-06-12 08:35:58,Narmada,N2_Jabalpur,23.1815,79.9864,36.9,36,0.1,957.5,8.8,34
2026-06-12 08:35:58,Narmada,N3_Omkareshwar,22.2452,76.151,38.8,36,0.0,982.3,16.1,6
2026-06-12 08:35:58,Narmada,N4_Bharuch,21.7051,72.9959,36.9,45,0.0,1002.2,25.2,42
2026-06-12 08:35:58,Kaveri,C1_Talakaveri,12.3855,75.4894,20.5,89,0.1,872.5,6.4,83
2026-06-12 08:35:58,Kaveri,C2_Kodagu,12.3375,75.8069,24.5,76,0.1,915.7,13.4,99
2026-06-12 08:35:58,Kaveri,C3_Mysuru_KRS,12.2958,76.6394,28.2,64,0.1,929.1,18.9,99
2026-06-12 08:35:58,Kaveri,C4_Mettur_Dam,11.787,77.8008,27.4,94,0.5,985.7,10.6,91
2026-06-12 08:35:58,Kaveri,C5_Thanjavur_Delta,10.7867,79.1378,32.1,57,0.2,1000.6,20.8,79
2026-06-12 08:36:56,Krishna,K1_Mahabaleshwar,17.9237,73.6586,21.9,87,0.3,865.5,14.3,95
2026-06-12 08:36:56,Krishna,K2_Sangli_Almatti,16.8544,74.5642,35.4,37,0.0,948.5,18.5,67
2026-06-12 08:36:56,Krishna,K3_Raichur_Kurnool,16.2076,77.3463,36.0,39,0.0,963.3,10.6,81
2026-06-12 08:36:56,Krishna,K4_Nagarjuna_Sagar,16.575,79.3167,36.7,44,0.0,996.9,15.8,80
2026-06-12 08:36:56,Krishna,K5_Vijayawada_Delta,16.5062,80.648,34.5,51,0.0,999.6,5.6,100
2026-06-12 08:36:56,Narmada,N1_Amarkantak,22.6747,81.759,24.5,84,1.4,894.8,5.8,100
2026-06-12 08:36:56,Narmada,N2_Jabalpur,23.1815,79.9864,36.9,36,0.1,957.5,8.8,34
2026-06-12 08:36:56,Narmada,N3_Omkareshwar,22.2452,76.151,38.8,36,0.0,982.3,16.1,6
2026-06-12 08:36:56,Narmada,N4_Bharuch,21.7051,72.9959,36.9,45,0.0,1002.2,25.2,42
2026-06-12 08:36:56,Kaveri,C1_Talakaveri,12.3855,75.4894,20.5,89,0.1,872.5,6.4,83
2026-06-12 08:36:56,Kaveri,C2_Kodagu,12.3375,75.8069,24.5,76,0.1,915.7,13.4,99
2026-06-12 08:36:56,Kaveri,C3_Mysuru_KRS,12.2958,76.6394,28.2,64,0.1,929.1,18.9,99
2026-06-12 08:36:56,Kaveri,C4_Mettur_Dam,11.787,77.8008,27.4,94,0.5,985.7,10.6,91
2026-06-12 08:36:56,Kaveri,C5_Thanjavur_Delta,10.7867,79.1378,32.1,57,0.2,1000.6,20.8,79
2026-06-12 08:38:45,Krishna,K1_Mahabaleshwar,17.9237,73.6586,21.9,87,0.3,865.5,14.3,95
2026-06-12 08:38:45,Krishna,K2_Sangli_Almatti,16.8544,74.5642,35.4,37,0.0,948.5,18.5,67
2026-06-12 08:38:45,Krishna,K3_Raichur_Kurnool,16.2076,77.3463,36.0,39,0.0,963.3,10.6,81
2026-06-12 08:38:45,Krishna,K4_Nagarjuna_Sagar,16.575,79.3167,36.7,44,0.0,996.9,15.8,80
2026-06-12 08:38:45,Krishna,K5_Vijayawada_Delta,16.5062,80.648,34.5,51,0.0,999.6,5.6,100
2026-06-12 08:38:45,Narmada,N1_Amarkantak,22.6747,81.759,24.5,84,1.4,894.8,5.8,100
2026-06-12 08:38:45,Narmada,N2_Jabalpur,23.1815,79.9864,36.9,36,0.1,957.5,8.8,34
2026-06-12 08:38:45,Narmada,N3_Omkareshwar,22.2452,76.151,38.8,36,0.0,982.3,16.1,6
2026-06-12 08:38:45,Narmada,N4_Bharuch,21.7051,72.9959,36.9,45,0.0,1002.2,25.2,42
2026-06-12 08:38:45,Kaveri,C1_Talakaveri,12.3855,75.4894,20.5,89,0.1,872.5,6.4,83
2026-06-12 08:38:45,Kaveri,C2_Kodagu,12.3375,75.8069,24.5,76,0.1,915.7,13.4,99
2026-06-12 08:38:45,Kaveri,C3_Mysuru_KRS,12.2958,76.6394,28.2,64,0.1,929.1,18.9,99
2026-06-12 08:38:45,Kaveri,C4_Mettur_Dam,11.787,77.8008,27.4,94,0.5,985.7,10.6,91
2026-06-12 08:38:45,Kaveri,C5_Thanjavur_Delta,10.7867,79.1378,32.1,57,0.2,1000.6,20.8,79
2026-06-12 08:39:29,Krishna,K1_Mahabaleshwar,17.9237,73.6586,21.9,87,0.3,865.5,14.3,95
2026-06-12 08:39:29,Krishna,K2_Sangli_Almatti,16.8544,74.5642,35.4,37,0.0,948.5,18.5,67
2026-06-12 08:39:29,Krishna,K3_Raichur_Kurnool,16.2076,77.3463,36.0,39,0.0,963.3,10.6,81
2026-06-12 08:39:29,Krishna,K4_Nagarjuna_Sagar,16.575,79.3167,36.7,44,0.0,996.9,15.8,80
2026-06-12 08:39:29,Krishna,K5_Vijayawada_Delta,16.5062,80.648,34.5,51,0.0,999.6,5.6,100
2026-06-12 08:39:29,Narmada,N1_Amarkantak,22.6747,81.759,24.5,84,1.4,894.8,5.8,100
2026-06-12 08:39:29,Narmada,N2_Jabalpur,23.1815,79.9864,36.9,36,0.1,957.5,8.8,34
2026-06-12 08:39:29,Narmada,N3_Omkareshwar,22.2452,76.151,38.8,36,0.0,982.3,16.1,6
2026-06-12 08:39:29,Narmada,N4_Bharuch,21.7051,72.9959,36.9,45,0.0,1002.2,25.2,42
2026-06-12 08:39:29,Kaveri,C1_Talakaveri,12.3855,75.4894,20.5,89,0.1,872.5,6.4,83
2026-06-12 08:39:29,Kaveri,C2_Kodagu,12.3375,75.8069,24.5,76,0.1,915.7,13.4,99
2026-06-12 08:39:29,Kaveri,C3_Mysuru_KRS,12.2958,76.6394,28.2,64,0.1,929.1,18.9,99
2026-06-12 08:39:29,Kaveri,C4_Mettur_Dam,11.787,77.8008,27.4,94,0.5,985.7,10.6,91
2026-06-12 08:39:29,Kaveri,C5_Thanjavur_Delta,10.7867,79.1378,32.1,57,0.2,1000.6,20.8,79
2026-06-12 08:40:54,Krishna,K1_Mahabaleshwar,17.9237,73.6586,21.9,87,0.3,865.5,14.3,95
2026-06-12 08:40:54,Krishna,K2_Sangli_Almatti,16.8544,74.5642,35.4,37,0.0,948.5,18.5,67
2026-06-12 08:40:54,Krishna,K3_Raichur_Kurnool,16.2076,77.3463,36.0,39,0.0,963.3,10.6,81
2026-06-12 08:40:54,Krishna,K4_Nagarjuna_Sagar,16.575,79.3167,36.7,44,0.0,996.9,15.8,80
2026-06-12 08:40:54,Krishna,K5_Vijayawada_Delta,16.5062,80.648,34.5,51,0.0,999.6,5.6,100
2026-06-12 08:40:54,Narmada,N1_Amarkantak,22.6747,81.759,24.5,84,1.4,894.8,5.8,100
2026-06-12 08:40:54,Narmada,N2_Jabalpur,23.1815,79.9864,36.9,36,0.1,957.5,8.8,34
2026-06-12 08:40:54,Narmada,N3_Omkareshwar,22.2452,76.151,38.8,36,0.0,982.3,16.1,6
2026-06-12 08:40:54,Narmada,N4_Bharuch,21.7051,72.9959,36.9,45,0.0,1002.2,25.2,42
2026-06-12 08:40:54,Kaveri,C1_Talakaveri,12.3855,75.4894,20.5,89,0.1,872.5,6.4,83
2026-06-12 08:40:54,Kaveri,C2_Kodagu,12.3375,75.8069,24.5,76,0.1,915.7,13.4,99
2026-06-12 08:40:54,Kaveri,C3_Mysuru_KRS,12.2958,76.6394,28.2,64,0.1,929.1,18.9,99
2026-06-12 08:40:54,Kaveri,C4_Mettur_Dam,11.787,77.8008,27.4,94,0.5,985.7,10.6,91
2026-06-12 08:40:54,Kaveri,C5_Thanjavur_Delta,10.7867,79.1378,32.1,57,0.2,1000.6,20.8,79
2026-06-12 08:41:26,Krishna,K1_Mahabaleshwar,17.9237,73.6586,21.9,87,0.3,865.5,14.3,95
2026-06-12 08:41:26,Krishna,K2_Sangli_Almatti,16.8544,74.5642,35.4,37,0.0,948.5,18.5,67
2026-06-12 08:41:26,Krishna,K3_Raichur_Kurnool,16.2076,77.3463,36.0,39,0.0,963.3,10.6,81
2026-06-12 08:41:26,Krishna,K4_Nagarjuna_Sagar,16.575,79.3167,36.7,44,0.0,996.9,15.8,80
2026-06-12 08:41:26,Krishna,K5_Vijayawada_Delta,16.5062,80.648,34.5,51,0.0,999.6,5.6,100
2026-06-12 08:41:26,Narmada,N1_Amarkantak,22.6747,81.759,24.5,84,1.4,894.8,5.8,100
2026-06-12 08:41:26,Narmada,N2_Jabalpur,23.1815,79.9864,36.9,36,0.1,957.5,8.8,34
2026-06-12 08:41:26,Narmada,N3_Omkareshwar,22.2452,76.151,38.8,36,0.0,982.3,16.1,6
2026-06-12 08:41:26,Narmada,N4_Bharuch,21.7051,72.9959,36.9,45,0.0,1002.2,25.2,42
2026-06-12 08:41:26,Kaveri,C1_Talakaveri,12.3855,75.4894,20.5,89,0.1,872.5,6.4,83
2026-06-12 08:41:26,Kaveri,C2_Kodagu,12.3375,75.8069,24.5,76,0.1,915.7,13.4,99
2026-06-12 08:41:26,Kaveri,C3_Mysuru_KRS,12.2958,76.6394,28.2,64,0.1,929.1,18.9,99
2026-06-12 08:41:26,Kaveri,C4_Mettur_Dam,11.787,77.8008,27.4,94,0.5,985.7,10.6,91
2026-06-12 08:41:26,Kaveri,C5_Thanjavur_Delta,10.7867,79.1378,32.1,57,0.2,1000.6,20.8,79
2026-06-12 08:41:46,Krishna,K1_Mahabaleshwar,17.9237,73.6586,21.9,87,0.3,865.5,14.3,95
2026-06-12 08:41:46,Krishna,K2_Sangli_Almatti,16.8544,74.5642,35.4,37,0.0,948.5,18.5,67
2026-06-12 08:41:46,Krishna,K3_Raichur_Kurnool,16.2076,77.3463,36.0,39,0.0,963.3,10.6,81
2026-06-12 08:41:46,Krishna,K4_Nagarjuna_Sagar,16.575,79.3167,36.7,44,0.0,996.9,15.8,80
2026-06-12 08:41:46,Krishna,K5_Vijayawada_Delta,16.5062,80.648,34.5,51,0.0,999.6,5.6,100
2026-06-12 08:41:46,Narmada,N1_Amarkantak,22.6747,81.759,24.5,84,1.4,894.8,5.8,100
2026-06-12 08:41:46,Narmada,N2_Jabalpur,23.1815,79.9864,36.9,36,0.1,957.5,8.8,34
2026-06-12 08:41:46,Narmada,N3_Omkareshwar,22.2452,76.151,38.8,36,0.0,982.3,16.1,6
2026-06-12 08:41:46,Narmada,N4_Bharuch,21.7051,72.9959,36.9,45,0.0,1002.2,25.2,42
2026-06-12 08:41:46,Kaveri,C1_Talakaveri,12.3855,75.4894,20.5,89,0.1,872.5,6.4,83
2026-06-12 08:41:46,Kaveri,C3_Mysuru_KRS,12.2958,76.6394,28.2,64,0.1,929.1,18.9,99
2026-06-12 08:41:46,Kaveri,C4_Mettur_Dam,11.787,77.8008,27.4,94,0.5,985.7,10.6,91
2026-06-12 08:41:46,Kaveri,C5_Thanjavur_Delta,10.7867,79.1378,32.1,57,0.2,1000.6,20.8,79
2026-06-12 08:43:07,Krishna,K1_Mahabaleshwar,17.9237,73.6586,21.9,87,0.3,865.5,14.3,95
2026-06-12 08:43:07,Krishna,K2_Sangli_Almatti,16.8544,74.5642,35.4,37,0.0,948.5,18.5,67
2026-06-12 08:43:07,Krishna,K3_Raichur_Kurnool,16.2076,77.3463,36.0,39,0.0,963.3,10.6,81
2026-06-12 08:43:07,Krishna,K4_Nagarjuna_Sagar,16.575,79.3167,36.7,44,0.0,996.9,15.8,80
2026-06-12 08:43:07,Krishna,K5_Vijayawada_Delta,16.5062,80.648,34.5,51,0.0,999.6,5.6,100
2026-06-12 08:43:07,Narmada,N1_Amarkantak,22.6747,81.759,24.5,84,1.4,894.8,5.8,100
2026-06-12 08:43:07,Narmada,N2_Jabalpur,23.1815,79.9864,36.9,36,0.1,957.5,8.8,34
2026-06-12 08:43:07,Narmada,N3_Omkareshwar,22.2452,76.151,38.8,36,0.0,982.3,16.1,6
2026-06-12 08:43:07,Narmada,N4_Bharuch,21.7051,72.9959,36.9,45,0.0,1002.2,25.2,42
2026-06-12 08:43:07,Kaveri,C1_Talakaveri,12.3855,75.4894,20.5,89,0.1,872.5,6.4,83
2026-06-12 08:43:07,Kaveri,C2_Kodagu,12.3375,75.8069,24.5,76,0.1,915.7,13.4,99
2026-06-12 08:43:07,Kaveri,C3_Mysuru_KRS,12.2958,76.6394,28.2,64,0.1,929.1,18.9,99
2026-06-12 08:43:07,Kaveri,C4_Mettur_Dam,11.787,77.8008,27.4,94,0.5,985.7,10.6,91
2026-06-12 08:43:07,Kaveri,C5_Thanjavur_Delta,10.7867,79.1378,32.1,57,0.2,1000.6,20.8,79
2026-06-12 08:44:22,Krishna,K1_Mahabaleshwar,17.9237,73.6586,21.9,87,0.3,865.5,14.3,95
2026-06-12 08:44:22,Krishna,K2_Sangli_Almatti,16.8544,74.5642,35.4,37,0.0,948.5,18.5,67
2026-06-12 08:44:22,Krishna,K3_Raichur_Kurnool,16.2076,77.3463,36.0,39,0.0,963.3,10.6,81
2026-06-12 08:44:22,Krishna,K4_Nagarjuna_Sagar,16.575,79.3167,36.7,44,0.0,996.9,15.8,80
2026-06-12 08:44:22,Krishna,K5_Vijayawada_Delta,16.5062,80.648,34.5,51,0.0,999.6,5.6,100
2026-06-12 08:44:22,Narmada,N1_Amarkantak,22.6747,81.759,24.5,84,1.4,894.8,5.8,100
2026-06-12 08:44:22,Narmada,N2_Jabalpur,23.1815,79.9864,36.9,36,0.1,957.5,8.8,34
2026-06-12 08:44:22,Narmada,N3_Omkareshwar,22.2452,76.151,38.8,36,0.0,982.3,16.1,6
2026-06-12 08:44:22,Narmada,N4_Bharuch,21.7051,72.9959,36.9,45,0.0,1002.2,25.2,42
2026-06-12 08:44:22,Kaveri,C1_Talakaveri,12.3855,75.4894,20.5,89,0.1,872.5,6.4,83
2026-06-12 08:44:22,Kaveri,C2_Kodagu,12.3375,75.8069,24.5,76,0.1,915.7,13.4,99
2026-06-12 08:44:22,Kaveri,C3_Mysuru_KRS,12.2958,76.6394,28.2,64,0.1,929.1,18.9,99
2026-06-12 08:44:22,Kaveri,C4_Mettur_Dam,11.787,77.8008,27.4,94,0.5,985.7,10.6,91
2026-06-12 08:44:22,Kaveri,C5_Thanjavur_Delta,10.7867,79.1378,32.1,57,0.2,1000.6,20.8,79
2026-06-12 08:44:57,Krishna,K1_Mahabaleshwar,17.9237,73.6586,21.9,87,0.3,865.5,14.3,95
2026-06-12 08:44:57,Krishna,K2_Sangli_Almatti,16.8544,74.5642,35.4,37,0.0,948.5,18.5,67
2026-06-12 08:44:57,Krishna,K3_Raichur_Kurnool,16.2076,77.3463,36.2,39,0.0,963.1,10.0,77
2026-06-12 08:44:57,Krishna,K4_Nagarjuna_Sagar,16.575,79.3167,36.9,43,0.0,996.8,15.6,71
2026-06-12 08:44:57,Krishna,K5_Vijayawada_Delta,16.5062,80.648,34.5,51,0.0,999.4,5.6,100
2026-06-12 08:44:57,Narmada,N1_Amarkantak,22.6747,81.759,23.4,93,1.4,894.4,3.9,100
2026-06-12 08:44:57,Narmada,N2_Jabalpur,23.1815,79.9864,36.9,35,0.1,957.2,9.2,38
2026-06-12 08:44:57,Narmada,N3_Omkareshwar,22.2452,76.151,38.9,36,0.0,982.0,16.0,6
2026-06-12 08:44:57,Narmada,N4_Bharuch,21.7051,72.9959,36.9,45,0.0,1001.9,25.2,32
2026-06-12 08:44:57,Kaveri,C1_Talakaveri,12.3855,75.4894,20.6,89,0.1,872.4,5.9,77
2026-06-12 08:44:57,Kaveri,C2_Kodagu,12.3375,75.8069,24.6,77,0.1,915.6,14.5,99
2026-06-12 08:44:57,Kaveri,C3_Mysuru_KRS,12.2958,76.6394,28.6,63,0.1,929.0,19.2,100
2026-06-12 08:44:57,Kaveri,C4_Mettur_Dam,11.787,77.8008,27.7,92,0.5,985.6,11.2,94
2026-06-12 08:44:57,Kaveri,C5_Thanjavur_Delta,10.7867,79.1378,31.8,60,0.2,1000.4,20.8,77
2026-06-12 08:46:01,Krishna,K1_Mahabaleshwar,17.9237,73.6586,21.3,90,0.3,865.1,14.4,92
2026-06-12 08:46:01,Krishna,K2_Sangli_Almatti,16.8544,74.5642,35.5,37,0.0,948.3,18.2,71
2026-06-12 08:46:01,Krishna,K3_Raichur_Kurnool,16.2076,77.3463,36.2,39,0.0,963.1,10.0,77
2026-06-12 08:46:01,Krishna,K4_Nagarjuna_Sagar,16.575,79.3167,36.9,43,0.0,996.8,15.6,71
2026-06-12 08:46:01,Krishna,K5_Vijayawada_Delta,16.5062,80.648,34.5,51,0.0,999.4,5.6,100
2026-06-12 08:46:01,Narmada,N1_Amarkantak,22.6747,81.759,23.4,93,1.4,894.4,3.9,100
2026-06-12 08:46:01,Narmada,N2_Jabalpur,23.1815,79.9864,36.9,35,0.1,957.2,9.2,38
2026-06-12 08:46:01,Narmada,N3_Omkareshwar,22.2452,76.151,38.9,36,0.0,982.0,16.0,6
2026-06-12 08:46:01,Narmada,N4_Bharuch,21.7051,72.9959,36.9,45,0.0,1001.9,25.2,32
2026-06-12 08:46:01,Kaveri,C1_Talakaveri,12.3855,75.4894,20.6,89,0.1,872.4,5.9,77
2026-06-12 08:46:01,Kaveri,C2_Kodagu,12.3375,75.8069,24.6,77,0.1,915.6,14.5,99
2026-06-12 08:46:01,Kaveri,C3_Mysuru_KRS,12.2958,76.6394,28.6,63,0.1,929.0,19.2,100
2026-06-12 08:46:01,Kaveri,C4_Mettur_Dam,11.787,77.8008,27.7,92,0.5,985.6,11.2,94
2026-06-12 08:46:01,Kaveri,C5_Thanjavur_Delta,10.7867,79.1378,31.8,60,0.2,1000.4,20.8,77
