scenario,label,intervention_type,magnitude,mean_risk,risk_change,max_risk_increase,mean_sensitivity,top_vulnerable_zone,high_risk_area_pct,mean_uncertainty
baseline,Baseline Conditions,rainfall,0.0,0.3984588086605072,-0.0012252503074705,0.0615843534469604,124.3701171875,Zone D,9.942626953125,0.0021893566008657
rainfall_plus10,Rainfall +10%,rainfall,0.1,0.4012426733970642,0.0016551101580262,0.0570034980773925,0.1133196949958801,Zone H,9.87548828125,0.0022130580618977
rainfall_plus20,Rainfall +20%,rainfall,0.2,0.4020889401435852,0.0024417408276349,0.0593924522399902,0.0575883015990257,Zone C,9.979248046875,0.0021226915996521
rainfall_plus30,Rainfall +30%,rainfall,0.3,0.4031639099121094,0.0029768138192594,0.0615054070949554,0.0367387123405933,Zone D,9.92431640625,0.0022042691707611
flow_minus10,River Flow -10%,flow,-0.1,0.4023640155792236,0.0001773963449522,0.0555514693260192,0.1279502511024475,Zone E,9.97314453125,0.0022371599916368
flow_minus20,River Flow -20%,flow,-0.2,0.4001156389713287,-0.001491563161835,0.0501912236213684,0.0508851408958435,Zone A,10.11962890625,0.0020952627528458
flow_plus10,River Flow +10%,flow,0.1,0.4022418856620788,0.00090171280317,0.0585423707962036,0.1189282909035682,Zone G,9.893798828125,0.0022077993489801
inflow_minus20,Reservoir Inflow -20%,inflow,-0.2,0.4041268527507782,0.0047711133956909,0.0638620555400848,0.0664161965250969,Zone A,9.808349609375,0.0021618986502289
inflow_plus20,Reservoir Inflow +20%,inflow,0.2,0.4021939039230346,0.0024874429218471,0.0599700212478637,0.0636088997125625,Zone C,10.04638671875,0.002200755290687
