iou,dice,precision,recall,f1,high_risk_detection_rate,false_hotspot_rate,brier_score,ece,auc,pr_auc,zone_mae,zone_rmse,zone_r2,centroid_displacement,ablation_stage,use_dsdi,use_causal_attention,use_gnn,use_contrastive,use_uncertainty,use_physics_loss,use_temporal_constraint,use_counterfactual_loss
0.09831460674157304,0.17902813299232737,0.13571370870021812,0.2629519486617624,0.17902813299232737,0.2629519486617624,0.11640102268400153,0.18277659809944882,0.34838991866839325,0.6468973223242871,0.1179266461518465,0.3422545312593381,0.35783047502422205,-6.277211540676496,9.637444143037756,Full Proposed Model + CSDN,True,True,True,True,True,True,True,True
0.08950232399954654,0.1642994641277769,0.12305174563591023,0.24714352793864455,0.1642994641277769,0.24714352793864455,0.1224283305227656,0.19769865100055636,0.3701691384670388,0.6342225531498198,0.10748564921244416,0.31544999157389003,0.3328947570150235,-5.298313298595416,8.865482183624724,- CSDN Loss,True,True,True,True,True,True,True,False
0.08575840361088015,0.15796958757247567,0.12141595896745985,0.2260134606354672,0.15796958757247567,0.2260134606354672,0.11368111842463145,0.18795449451483426,0.35612411600550337,0.6409311925355304,0.10683854520233399,0.3197674161444108,0.34017813971242944,-5.576928996794851,10.216530034434655,- Physics Loss (PISL),True,True,True,True,True,False,True,True
0.0886510142527648,0.1628639721860061,0.12471919460853649,0.23462200657379872,0.1628639721860061,0.23462200657379872,0.11445357123429255,0.1886587538788276,0.3570456739001505,0.6395081857964428,0.10675182349238108,0.3117718988408645,0.326574486119457,-5.061426647576503,9.70230575816118,- Causal Attention (CAF),True,False,True,True,True,True,True,True
0.08811498693330304,0.16195896204249988,0.12151363209025384,0.2427609954609485,0.16195896204249988,0.2427609954609485,0.12199314584126639,0.19043618791639974,0.359451197089129,0.636791109999101,0.10353465548308297,0.33495414567490417,0.3511346451442704,-6.007412979117846,9.024955170003714,- WR-GNN,True,True,False,True,True,True,True,True
0.09026284348864994,0.1655799682209194,0.12738155454392178,0.23650023477852558,0.1655799682209194,0.23650023477852558,0.11261491595495839,0.18073146957363143,0.34500915192241643,0.6429792485140804,0.10821255363952084,0.29714230572183925,0.3156715307741019,-4.663451454116087,9.15647575602719,- MMCA Contrastive,True,True,True,False,True,True,True,True
0.09166437414030261,0.16793508391714126,0.12384775498067202,0.2607606824229144,0.16793508391714126,0.2607606824229144,0.1282271664037426,0.20136907878431345,0.3753699146812627,0.6354325984948682,0.1078306158056693,0.3420434705913067,0.35800510943372676,-6.284316366788729,9.423444299742508,- Temporal Consistency,True,True,True,True,True,True,False,True
0.09486709440879927,0.17329426538300544,0.1301579816081113,0.25919549225230865,0.17329426538300544,0.25919549225230865,0.12040472175379427,0.19959753941485223,0.37309268024925285,0.6357089865747416,0.11568126348057585,0.3612206696222226,0.37858030577779744,-7.145661993929,9.554302876752717,- DSDI,False,True,True,True,True,True,True,True
0.09563713753657888,0.1745781231030715,0.14258800198314328,0.22507434653310376,0.1745781231030715,0.22507434653310376,0.09407604852309198,0.1737979283901306,0.3353914004510444,0.6570526819443747,0.1230094743016187,0.2855225621412198,0.2982465971131096,-4.055467747868633,9.643089293315631,Baseline (CNN+BiLSTM),False,False,False,False,False,False,False,False
